variable,count,mean,std,min,25%,50%,75%,max,original
dummy1,1000.0,0.00024140921713659724,0.010238239533883172,-0.0282954036649556,-0.0072031267052050495,-9.827359004342909e-05,0.00717993416079335,0.0328994523515397,0.0076858937835488
dummy2,1000.0,1.763389610936217e-05,0.009380362300706135,-0.0266003596811117,-0.006522594647551975,0.00014726596595335,0.006662668903084375,0.0293447886361448,-0.005587272070251
x1,1000.0,0.1808693099122025,3.0019169158053645,-9.57576779181234,-1.739355889369714,0.21188227118088532,2.124753626390351,28.20605013459704,28.20605013459704
x2,1000.0,-0.1433722206290873,7.969134808131623,-24.67398013056929,-5.098583097054869,-0.02973905844586695,4.62706627952573,75.05105861126678,75.05105861126678
x3,1000.0,0.020801770061633883,1.9144940303066558,-5.053721645514447,-1.2408228174405442,0.08099602357360065,1.167682739597316,17.75490664402851,17.75490664402851
